{"cameraMode":{"drawMode":0,"name":"Shaded","section":"Shading Mode"},"sceneLighting":true,"audioPlay":false,"sceneViewState":{"m_AlwaysRefresh":false,"showFog":true,"showSkybox":false,"showFlares":true,"showImageEffects":true,"showParticleSystems":true,"showVisualEffectGraphs":true,"m_FxEnabled":true},"in2DMode":false,"pivot":{"x":41.52722930908203,"y":9.117708206176758,"z":-53.29170227050781},"rotation":{"x":0.0015994454734027386,"y":-0.9979578852653503,"z":0.06685277074575424,"w":0.013746949844062329},"size":37.70315170288086,"orthographic":false}