{"cameraMode":{"drawMode":0,"name":"Shaded","section":"Shading Mode"},"sceneLighting":true,"audioPlay":false,"sceneViewState":{"m_AlwaysRefresh":false,"showFog":true,"showSkybox":true,"showFlares":true,"showImageEffects":true,"showParticleSystems":true,"showVisualEffectGraphs":true,"m_FxEnabled":true},"in2DMode":false,"pivot":{"x":14.324041366577149,"y":6.614511013031006,"z":-48.22991943359375},"rotation":{"x":0.004542917478829622,"y":-0.9962815642356873,"z":0.04718733951449394,"w":0.07663622498512268},"size":8.426653861999512,"orthographic":false}