{"cameraMode":{"drawMode":0,"name":"Shaded","section":"Shading Mode"},"sceneLighting":false,"audioPlay":false,"sceneViewState":{"showFog":true,"showMaterialUpdate":false,"showSkybox":false,"showFlares":true,"showImageEffects":true,"showParticleSystems":true},"in2DMode":false,"pivot":{"x":24.044410705566408,"y":2.4000000953674318,"z":-7.6669921875},"rotation":{"x":-0.013202792033553124,"y":-0.9854226112365723,"z":0.08981145173311234,"w":-0.14409618079662324},"size":2.126616954803467,"orthographic":false}