{"cameraMode":{"drawMode":0,"name":"Shaded","section":"Shading Mode"},"sceneLighting":false,"audioPlay":false,"sceneViewState":{"showFog":true,"showMaterialUpdate":false,"showSkybox":false,"showFlares":true,"showImageEffects":true,"showParticleSystems":true},"in2DMode":false,"pivot":{"x":4.181933879852295,"y":10.094411849975586,"z":-10.167293548583985},"rotation":{"x":-0.005398900713771582,"y":-0.009591354988515377,"z":0.000023212282030726783,"w":-0.9999650120735169},"size":7.271678447723389,"orthographic":false}