{"cameraMode":{"drawMode":0,"name":"Shaded","section":"Shading Mode"},"sceneLighting":false,"audioPlay":false,"sceneViewState":{"showFog":true,"showMaterialUpdate":false,"showSkybox":false,"showFlares":true,"showImageEffects":true,"showParticleSystems":true},"in2DMode":false,"pivot":{"x":4.257866859436035,"y":9.900331497192383,"z":-7.920000076293945},"rotation":{"x":0.07552735507488251,"y":0.009882349520921708,"z":0.0007252292707562447,"w":-0.997117280960083},"size":8.949864387512207,"orthographic":false}