{"cameraMode":{"drawMode":0,"name":"Shaded","section":"Shading Mode"},"sceneLighting":true,"audioPlay":false,"sceneViewState":{"showFog":true,"showMaterialUpdate":false,"showSkybox":true,"showFlares":true,"showImageEffects":true,"showParticleSystems":true},"in2DMode":false,"pivot":{"x":-13.176502227783204,"y":1.0621355772018433,"z":-34.95463562011719},"rotation":{"x":-0.21081075072288514,"y":-0.19702495634555818,"z":0.04331376776099205,"w":-0.956544041633606},"size":1.6167409420013428,"orthographic":false}