{"cameraMode":{"drawMode":0,"name":"Shaded","section":"Shading Mode"},"sceneLighting":true,"audioPlay":false,"sceneViewState":{"showFog":true,"showMaterialUpdate":false,"showSkybox":false,"showFlares":true,"showImageEffects":true,"showParticleSystems":true},"in2DMode":false,"pivot":{"x":-10.170000076293946,"y":7.430000305175781,"z":-19.40999984741211},"rotation":{"x":-0.054733697324991229,"y":-0.9010929465293884,"z":0.11904764175415039,"w":-0.4134582579135895},"size":18.186532974243165,"orthographic":false}