{"cameraMode":{"drawMode":0,"name":"Shaded","section":"Shading Mode"},"sceneLighting":true,"audioPlay":false,"sceneViewState":{"m_AlwaysRefresh":false,"showFog":true,"showSkybox":false,"showFlares":true,"showImageEffects":true,"showParticleSystems":true,"showVisualEffectGraphs":true,"m_FxEnabled":true},"in2DMode":false,"pivot":{"x":-5.408559322357178,"y":-13.474382400512696,"z":-31.848979949951173},"rotation":{"x":-0.008243165910243988,"y":0.9917641878128052,"z":-0.08290958404541016,"w":-0.09944857656955719},"size":18.415966033935548,"orthographic":false}