{"cameraMode":{"drawMode":0,"name":"Shaded","section":"Shading Mode"},"sceneLighting":true,"audioPlay":false,"sceneViewState":{"m_AlwaysRefresh":false,"showFog":true,"showSkybox":false,"showFlares":true,"showImageEffects":true,"showParticleSystems":true,"showVisualEffectGraphs":true,"m_FxEnabled":true},"in2DMode":false,"pivot":{"x":16.414525985717775,"y":2.1190848350524904,"z":-0.08791732788085938},"rotation":{"x":0.0011276022996753455,"y":-0.9999963641166687,"z":0.023396769538521768,"w":0.006292174570262432},"size":5.122048854827881,"orthographic":false}