{"cameraMode":{"drawMode":0,"name":"Shaded","section":"Shading Mode"},"sceneLighting":false,"audioPlay":false,"sceneViewState":{"m_AlwaysRefresh":false,"showFog":true,"showSkybox":false,"showFlares":true,"showImageEffects":true,"showParticleSystems":true,"showVisualEffectGraphs":true,"m_FxEnabled":true},"in2DMode":false,"pivot":{"x":1.033676266670227,"y":-15.85988998413086,"z":-36.20109176635742},"rotation":{"x":-0.00032936211209744215,"y":0.9999964833259583,"z":0.015600763261318207,"w":0.00809441227465868},"size":7.4934868812561039,"orthographic":false}