{"cameraMode":{"drawMode":0,"name":"Shaded","section":"Shading Mode"},"sceneLighting":true,"audioPlay":false,"sceneViewState":{"m_AlwaysRefresh":false,"showFog":true,"showSkybox":false,"showFlares":true,"showImageEffects":true,"showParticleSystems":true,"showVisualEffectGraphs":true,"m_FxEnabled":true},"in2DMode":false,"pivot":{"x":24.77552032470703,"y":9.670207023620606,"z":-47.84999465942383},"rotation":{"x":-0.0026709879748523237,"y":-0.9934083223342896,"z":0.11315806210041046,"w":-0.02957511879503727},"size":7.309414863586426,"orthographic":false}