{"cameraMode":{"drawMode":0,"name":"Shaded","section":"Shading Mode"},"sceneLighting":false,"audioPlay":false,"sceneViewState":{"m_AlwaysRefresh":false,"showFog":true,"showSkybox":false,"showFlares":true,"showImageEffects":true,"showParticleSystems":true,"showVisualEffectGraphs":true,"m_FxEnabled":true},"in2DMode":false,"pivot":{"x":12.833355903625489,"y":-15.654583930969239,"z":-23.909759521484376},"rotation":{"x":-0.08611531555652619,"y":0.7265738248825073,"z":0.09236688911914826,"w":0.6756160855293274},"size":3.6794962882995607,"orthographic":false}