{"cameraMode":{"drawMode":0,"name":"Shaded","section":"Shading Mode"},"sceneLighting":true,"audioPlay":false,"sceneViewState":{"m_AlwaysRefresh":false,"showFog":true,"showSkybox":false,"showFlares":true,"showImageEffects":true,"showParticleSystems":true,"showVisualEffectGraphs":true,"m_FxEnabled":true},"in2DMode":false,"pivot":{"x":11.177324295043946,"y":2.8918004035949709,"z":-3.7596511840820314},"rotation":{"x":-0.028185999020934106,"y":0.8356320261955261,"z":0.5470080971717835,"w":0.04318786412477493},"size":32.00680923461914,"orthographic":false}